mean_fit_time,std_fit_time,mean_score_time,std_score_time,param_subsample,param_silent,param_reg_lambda,param_n_estimators,param_min_child_weight,param_max_depth,param_learning_rate,param_gamma,param_colsample_bytree,param_colsample_bylevel,params,split0_test_score,split1_test_score,split2_test_score,mean_test_score,std_test_score,rank_test_score
0.07778517405192058,0.0005188940090828874,0.003815253575642904,0.00017433994398995413,1.0,True,50.0,100,7.0,10,0.001,0.25,0.5,0.5,"{'subsample': 1.0, 'silent': True, 'reg_lambda': 50.0, 'n_estimators': 100, 'min_child_weight': 7.0, 'max_depth': 10, 'learning_rate': 0.001, 'gamma': 0.25, 'colsample_bytree': 0.5, 'colsample_bylevel': 0.5}",0.9055704957121373,0.9172621878950918,0.9102972728988034,0.9110433188353442,0.004802176932032092,3
0.3072166442871094,0.008195443215785272,0.0068662166595458984,0.0001806389605220059,0.8,True,100.0,100,1.0,15,0.2,1.0,1.0,0.5,"{'subsample': 0.8, 'silent': True, 'reg_lambda': 100.0, 'n_estimators': 100, 'min_child_weight': 1.0, 'max_depth': 15, 'learning_rate': 0.2, 'gamma': 1.0, 'colsample_bytree': 1.0, 'colsample_bylevel': 0.5}",0.9103347874583972,0.9247400514530341,0.9172480648620067,0.9174409679244793,0.005882506063599565,1
0.4673631191253662,0.008502568456180415,0.006180365880330403,0.0001943537341024853,0.6,True,0.1,600,1.0,20,3,1.0,0.4,1.0,"{'subsample': 0.6, 'silent': True, 'reg_lambda': 0.1, 'n_estimators': 600, 'min_child_weight': 1.0, 'max_depth': 20, 'learning_rate': 3, 'gamma': 1.0, 'colsample_bytree': 0.4, 'colsample_bylevel': 1.0}",0.5,0.5,0.5,0.5,0.0,5
1.3273332118988037,0.010269789579104845,0.0666196346282959,0.000651101802104371,0.9,True,1.0,600,7.0,20,0.2,0.25,0.5,0.6,"{'subsample': 0.9, 'silent': True, 'reg_lambda': 1.0, 'n_estimators': 600, 'min_child_weight': 7.0, 'max_depth': 20, 'learning_rate': 0.2, 'gamma': 0.25, 'colsample_bytree': 0.5, 'colsample_bylevel': 0.6}",0.8970506550336662,0.9074455500582433,0.9008698658537826,0.9017886903152307,0.004293144879627769,4
1.6304550170898438,0.02103841465597624,0.035334507624308266,0.0013571461043571753,0.7,True,50.0,600,7.0,10,0.1,1.0,0.9,0.7,"{'subsample': 0.7, 'silent': True, 'reg_lambda': 50.0, 'n_estimators': 600, 'min_child_weight': 7.0, 'max_depth': 10, 'learning_rate': 0.1, 'gamma': 1.0, 'colsample_bytree': 0.9, 'colsample_bylevel': 0.7}",0.91008923450702,0.9227470090240532,0.9153804349668221,0.916072226165965,0.0051906162272844225,2
