mean_fit_time,std_fit_time,mean_score_time,std_score_time,param_subsample,param_silent,param_reg_lambda,param_n_estimators,param_min_child_weight,param_max_depth,param_learning_rate,param_gamma,param_colsample_bytree,param_colsample_bylevel,params,split0_test_score,split1_test_score,split2_test_score,mean_test_score,std_test_score,rank_test_score
0.03014373779296875,0.003053495563028284,0.0027435620625813804,0.00014552159869071473,1.0,True,50.0,100,7.0,10,0.001,0.25,0.5,0.5,"{'subsample': 1.0, 'silent': True, 'reg_lambda': 50.0, 'n_estimators': 100, 'min_child_weight': 7.0, 'max_depth': 10, 'learning_rate': 0.001, 'gamma': 0.25, 'colsample_bytree': 0.5, 'colsample_bylevel': 0.5}",0.8821231565912417,0.8808510638297873,0.89672197902881,0.8865653998166131,0.007200538450637349,1
0.05551783243815104,0.00036811444286564884,0.002949317296346029,3.590783973012411e-05,0.8,True,100.0,100,1.0,15,0.2,1.0,1.0,0.5,"{'subsample': 0.8, 'silent': True, 'reg_lambda': 100.0, 'n_estimators': 100, 'min_child_weight': 1.0, 'max_depth': 15, 'learning_rate': 0.2, 'gamma': 1.0, 'colsample_bytree': 1.0, 'colsample_bylevel': 0.5}",0.8752955082742316,0.8711189913317574,0.8972366441571369,0.881217047921042,0.011455171208332745,2
0.14512173334757486,0.001180083328240764,0.0032701492309570312,6.691227793735061e-05,0.6,True,0.1,600,1.0,20,3,1.0,0.4,1.0,"{'subsample': 0.6, 'silent': True, 'reg_lambda': 0.1, 'n_estimators': 600, 'min_child_weight': 1.0, 'max_depth': 20, 'learning_rate': 3, 'gamma': 1.0, 'colsample_bytree': 0.4, 'colsample_bylevel': 1.0}",0.5,0.5,0.5,0.5,0.0,5
0.23652982711791992,0.004156095743217793,0.013776540756225586,0.0005617093486503212,0.9,True,1.0,600,7.0,20,0.2,0.25,0.5,0.6,"{'subsample': 0.9, 'silent': True, 'reg_lambda': 1.0, 'n_estimators': 600, 'min_child_weight': 7.0, 'max_depth': 20, 'learning_rate': 0.2, 'gamma': 0.25, 'colsample_bytree': 0.5, 'colsample_bylevel': 0.6}",0.8611223685691771,0.8621411685241472,0.8833124073885551,0.8688586481606264,0.010228810787876253,3
0.2944016456604004,0.005842614580128012,0.006522576014200847,0.0004670711174265203,0.7,True,50.0,600,7.0,10,0.1,1.0,0.9,0.7,"{'subsample': 0.7, 'silent': True, 'reg_lambda': 50.0, 'n_estimators': 600, 'min_child_weight': 7.0, 'max_depth': 10, 'learning_rate': 0.1, 'gamma': 1.0, 'colsample_bytree': 0.9, 'colsample_bylevel': 0.7}",0.8466452774963413,0.86043003489812,0.8703043876616106,0.8591265666853573,0.009702667862993439,4
