mean_fit_time,std_fit_time,mean_score_time,std_score_time,param_subsample,param_silent,param_reg_lambda,param_n_estimators,param_min_child_weight,param_max_depth,param_learning_rate,param_gamma,param_colsample_bytree,param_colsample_bylevel,params,split0_test_score,split1_test_score,split2_test_score,mean_test_score,std_test_score,rank_test_score
0.04515616099039713,0.008380428864813999,0.004168907801310222,0.0003734813829947828,1.0,True,50.0,100,7.0,10,0.001,0.25,0.5,0.5,"{'subsample': 1.0, 'silent': True, 'reg_lambda': 50.0, 'n_estimators': 100, 'min_child_weight': 7.0, 'max_depth': 10, 'learning_rate': 0.001, 'gamma': 0.25, 'colsample_bytree': 0.5, 'colsample_bylevel': 0.5}",0.8851133946594772,0.8931863709341199,0.8841577983434247,0.887485854645674,0.004049708264878808,4
0.12433775266011556,0.018930322282157144,0.0067501068115234375,0.00258662737854585,0.8,True,100.0,100,1.0,15,0.2,1.0,1.0,0.5,"{'subsample': 0.8, 'silent': True, 'reg_lambda': 100.0, 'n_estimators': 100, 'min_child_weight': 1.0, 'max_depth': 15, 'learning_rate': 0.2, 'gamma': 1.0, 'colsample_bytree': 1.0, 'colsample_bylevel': 0.5}",0.8871060427476642,0.8976588530515354,0.8868168830127028,0.8905272596039676,0.0050441796269975565,2
0.28550060590108234,0.013139313186080732,0.004455169041951497,2.3727407196495372e-05,0.6,True,0.1,600,1.0,20,3,1.0,0.4,1.0,"{'subsample': 0.6, 'silent': True, 'reg_lambda': 0.1, 'n_estimators': 600, 'min_child_weight': 1.0, 'max_depth': 20, 'learning_rate': 3, 'gamma': 1.0, 'colsample_bytree': 0.4, 'colsample_bylevel': 1.0}",0.5,0.5,0.5,0.5,0.0,5
0.714925209681193,0.05554707467156203,0.018306573232014973,0.009221103582276827,0.9,True,1.0,600,7.0,20,0.2,0.25,0.5,0.6,"{'subsample': 0.9, 'silent': True, 'reg_lambda': 1.0, 'n_estimators': 600, 'min_child_weight': 7.0, 'max_depth': 20, 'learning_rate': 0.2, 'gamma': 0.25, 'colsample_bytree': 0.5, 'colsample_bylevel': 0.6}",0.8849818685958661,0.8948280322999416,0.8849034944903225,0.8882377984620433,0.004660108879539086,3
0.6675963401794434,0.024377508198014364,0.008994340896606445,0.00010936684087752075,0.7,True,50.0,600,7.0,10,0.1,1.0,0.9,0.7,"{'subsample': 0.7, 'silent': True, 'reg_lambda': 50.0, 'n_estimators': 600, 'min_child_weight': 7.0, 'max_depth': 10, 'learning_rate': 0.1, 'gamma': 1.0, 'colsample_bytree': 0.9, 'colsample_bylevel': 0.7}",0.8852833060120394,0.8982932596977219,0.8882687308138597,0.890615098841207,0.0055643990939854395,1
